<metadata xml:lang="en"><Esri><CreaDate>20150325</CreaDate><CreaTime>16145500</CreaTime><ArcGISFormat>1.0</ArcGISFormat><ArcGISstyle>FGDC CSDGM Metadata</ArcGISstyle><SyncOnce>FALSE</SyncOnce><DataProperties><lineage><Process ToolSource="c:\program files (x86)\arcgis\desktop10.1\ArcToolbox\Toolboxes\Data Management Tools.tbx\CalculateField" Date="20140811" Time="111934">CalculateField Administrative_Boundaries URDU [URDU_1] VB #</Process><Process ToolSource="c:\program files (x86)\arcgis\desktop10.1\ArcToolbox\Toolboxes\Data Management Tools.tbx\CalculateField" Date="20140924" Time="151821">CalculateField Administrative_Boundaries DISTRICT "NOWSHERA" VB #</Process><Process ToolSource="c:\program files (x86)\arcgis\desktop10.1\ArcToolbox\Toolboxes\Data Management Tools.tbx\CalculateField" Date="20150403" Time="165458">CalculateField District_Boundary 2010_DIST "" VB #</Process><Process ToolSource="c:\program files (x86)\arcgis\desktop10.1\ArcToolbox\Toolboxes\Data Management Tools.tbx\CalculateField" Date="20150403" Time="165501">CalculateField District_Boundary 2011_DIST "" VB #</Process><Process ToolSource="c:\program files (x86)\arcgis\desktop10.1\ArcToolbox\Toolboxes\Data Management Tools.tbx\CalculateField" Date="20150403" Time="165504">CalculateField District_Boundary 2012_DIST "" VB #</Process><Process ToolSource="c:\program files (x86)\arcgis\desktop10.1\ArcToolbox\Toolboxes\Data Management Tools.tbx\CalculateField" Date="20150403" Time="165508">CalculateField District_Boundary 2013_DIST "" VB #</Process><Process ToolSource="c:\program files (x86)\arcgis\desktop10.1\ArcToolbox\Toolboxes\Data Management Tools.tbx\CalculateField" Date="20150403" Time="165512">CalculateField District_Boundary 2014_DIST "" VB #</Process><Process ToolSource="c:\program files (x86)\arcgis\desktop10.1\ArcToolbox\Toolboxes\Data Management Tools.tbx\CalculateField" Date="20150407" Time="151603">CalculateField District_Boundary 2014_DIST "" VB #</Process><Process ToolSource="c:\program files (x86)\arcgis\desktop10.1\ArcToolbox\Toolboxes\Conversion Tools.tbx\FeatureClassToFeatureClass" Date="20150409" Time="105726">FeatureClassToFeatureClass "C:\Users\Muneeb\Desktop\Final UC\UNION COUNCIL\District_Boundary.shp" "C:\Users\Muneeb\Desktop\Final UC\GEO DATA ADMINBDY\ADMINBDY.gdb\DATA" District_Boundary # "OBJECTID "OBJECTID" true true false 9 Long 0 9 ,First,#,C:\Users\Muneeb\Desktop\Final UC\UNION COUNCIL\District_Boundary.shp,OBJECTID,-1,-1;PROVINCE "PROVINCE" true true false 30 Text 0 0 ,First,#,C:\Users\Muneeb\Desktop\Final UC\UNION COUNCIL\District_Boundary.shp,PROVINCE,-1,-1;DISTRICT "DISTRICT" true true false 30 Text 0 0 ,First,#,C:\Users\Muneeb\Desktop\Final UC\UNION COUNCIL\District_Boundary.shp,DISTRICT,-1,-1;Shape_Leng "Shape_Leng" true true false 19 Double 0 0 ,First,#,C:\Users\Muneeb\Desktop\Final UC\UNION COUNCIL\District_Boundary.shp,Shape_Leng,-1,-1;Shape_Area "Shape_Area" true true false 19 Double 0 0 ,First,#,C:\Users\Muneeb\Desktop\Final UC\UNION COUNCIL\District_Boundary.shp,Shape_Area,-1,-1;Area "Area" true true false 50 Text 0 0 ,First,#,C:\Users\Muneeb\Desktop\Final UC\UNION COUNCIL\District_Boundary.shp,Area,-1,-1;Area_42N_U "Area_42N_U" true true false 19 Double 0 0 ,First,#,C:\Users\Muneeb\Desktop\Final UC\UNION COUNCIL\District_Boundary.shp,Area_42N_U,-1,-1;URDU "URDU" true true false 254 Text 0 0 ,First,#,C:\Users\Muneeb\Desktop\Final UC\UNION COUNCIL\District_Boundary.shp,URDU,-1,-1;2010_DIST "2010_DIST" true true false 10 Text 0 0 ,First,#,C:\Users\Muneeb\Desktop\Final UC\UNION COUNCIL\District_Boundary.shp,2010_DIST,-1,-1;2011_DIST "2011_DIST" true true false 10 Text 0 0 ,First,#,C:\Users\Muneeb\Desktop\Final UC\UNION COUNCIL\District_Boundary.shp,2011_DIST,-1,-1;2012_DIST "2012_DIST" true true false 10 Text 0 0 ,First,#,C:\Users\Muneeb\Desktop\Final UC\UNION COUNCIL\District_Boundary.shp,2012_DIST,-1,-1;2013_DIST "2013_DIST" true true false 10 Text 0 0 ,First,#,C:\Users\Muneeb\Desktop\Final UC\UNION COUNCIL\District_Boundary.shp,2013_DIST,-1,-1;2014_DIST "2014_DIST" true true false 10 Text 0 0 ,First,#,C:\Users\Muneeb\Desktop\Final UC\UNION COUNCIL\District_Boundary.shp,2014_DIST,-1,-1" #</Process><Process ToolSource="c:\program files (x86)\arcgis\desktop10.1\ArcToolbox\Toolboxes\Data Management Tools.tbx\CalculateField" Date="20150415" Time="112341">CalculateField Adminbdy\District_Boundary PROVINCE "INDIAN OCCUPIED KASHMIR" VB #</Process><Process ToolSource="c:\program files (x86)\arcgis\desktop10.1\ArcToolbox\Toolboxes\Data Management Tools.tbx\CalculateField" Date="20150415" Time="112348">CalculateField Adminbdy\District_Boundary DISTRICT "INDIAN OCCUPIED KASHMIR" VB #</Process><Process ToolSource="c:\program files (x86)\arcgis\desktop10.1\ArcToolbox\Toolboxes\Data Management Tools.tbx\CalculateField" Date="20150423" Time="203939">CalculateField District_Boundary DISTRICT "HATTIAN BALA" VB #</Process><Process ToolSource="c:\program files (x86)\arcgis\desktop10.1\ArcToolbox\Toolboxes\Data Management Tools.tbx\CalculateField" Date="20150514" Time="111620">CalculateField District_Boundary F_2010 [_DIST] VB #</Process><Process ToolSource="c:\program files (x86)\arcgis\desktop10.1\ArcToolbox\Toolboxes\Data Management Tools.tbx\CalculateField" Date="20150514" Time="111645">CalculateField District_Boundary F_2011 [_DIST_1] VB #</Process><Process ToolSource="c:\program files (x86)\arcgis\desktop10.1\ArcToolbox\Toolboxes\Data Management Tools.tbx\CalculateField" Date="20150514" Time="111702">CalculateField District_Boundary F_2012 [_DIST_12] VB #</Process><Process ToolSource="c:\program files (x86)\arcgis\desktop10.1\ArcToolbox\Toolboxes\Data Management Tools.tbx\CalculateField" Date="20150514" Time="111732">CalculateField District_Boundary F_2013 [_DIST_12_13] VB #</Process><Process ToolSource="c:\program files (x86)\arcgis\desktop10.1\ArcToolbox\Toolboxes\Data Management Tools.tbx\CalculateField" Date="20150514" Time="111759">CalculateField District_Boundary F_2014 [_DIST_12_13_14] VB #</Process><Process ToolSource="c:\program files (x86)\arcgis\desktop10.1\ArcToolbox\Toolboxes\Data Management Tools.tbx\CalculateField" Date="20150514" Time="112155">CalculateField District_Boundary ADMIN_UNIT "CANTONMENT" VB #</Process><Process ToolSource="c:\program files (x86)\arcgis\desktop10.1\ArcToolbox\Toolboxes\Data Management Tools.tbx\CalculateField" Date="20150514" Time="112500">CalculateField District_Boundary ADMIN_UNIT "AGENCY" VB #</Process><Process ToolSource="c:\program files (x86)\arcgis\desktop10.1\ArcToolbox\Toolboxes\Data Management Tools.tbx\CalculateField" Date="20150514" Time="112609">CalculateField District_Boundary ADMIN_UNIT "FEDERAL CAPITAL TERRITORY" VB #</Process><Process ToolSource="c:\program files (x86)\arcgis\desktop10.1\ArcToolbox\Toolboxes\Data Management Tools.tbx\CalculateField" Date="20150514" Time="112649">CalculateField District_Boundary ADMIN_UNIT "INDIAN OCCUPIED KASHMIR" VB #</Process><Process ToolSource="c:\program files (x86)\arcgis\desktop10.1\ArcToolbox\Toolboxes\Data Management Tools.tbx\CalculateField" Date="20150514" Time="112721">CalculateField District_Boundary ADMIN_UNIT "DISTRICT" VB #</Process><Process ToolSource="c:\program files (x86)\arcgis\desktop10.1\ArcToolbox\Toolboxes\Conversion Tools.tbx\FeatureClassToFeatureClass" Date="20150804" Time="130519">FeatureClassToFeatureClass "C:\Users\Muneeb\Desktop\Final UC\GEO DATA ADMINBDY\ADMINBDY.gdb\DATA\District_Boundary" "D:\BACKUP FILES\ALL ALHASAN GEO DATABASE\GEO DATA\Data.gdb\Adminbdy" District_Boundary_2015 # "OBJECTID "OBJECTID" true true false 4 Long 0 0 ,First,#,C:\Users\Muneeb\Desktop\Final UC\GEO DATA ADMINBDY\ADMINBDY.gdb\DATA\District_Boundary,OBJECTID,-1,-1;PROVINCE "PROVINCE" true true false 30 Text 0 0 ,First,#,C:\Users\Muneeb\Desktop\Final UC\GEO DATA ADMINBDY\ADMINBDY.gdb\DATA\District_Boundary,PROVINCE,-1,-1;DISTRICT "DISTRICT" true true false 30 Text 0 0 ,First,#,C:\Users\Muneeb\Desktop\Final UC\GEO DATA ADMINBDY\ADMINBDY.gdb\DATA\District_Boundary,DISTRICT,-1,-1;Shape_Leng "Shape_Leng" true true false 8 Double 0 0 ,First,#,C:\Users\Muneeb\Desktop\Final UC\GEO DATA ADMINBDY\ADMINBDY.gdb\DATA\District_Boundary,Shape_Leng,-1,-1;Area "Area" true true false 50 Text 0 0 ,First,#,C:\Users\Muneeb\Desktop\Final UC\GEO DATA ADMINBDY\ADMINBDY.gdb\DATA\District_Boundary,Area,-1,-1;Area_42N_U "Area_42N_U" true true false 8 Double 0 0 ,First,#,C:\Users\Muneeb\Desktop\Final UC\GEO DATA ADMINBDY\ADMINBDY.gdb\DATA\District_Boundary,Area_42N_U,-1,-1;URDU "URDU" true true false 254 Text 0 0 ,First,#,C:\Users\Muneeb\Desktop\Final UC\GEO DATA ADMINBDY\ADMINBDY.gdb\DATA\District_Boundary,URDU,-1,-1;Shape_Length "Shape_Length" false true true 8 Double 0 0 ,First,#,C:\Users\Muneeb\Desktop\Final UC\GEO DATA ADMINBDY\ADMINBDY.gdb\DATA\District_Boundary,Shape_Length,-1,-1;Shape_Area "Shape_Area" false true true 8 Double 0 0 ,First,#,C:\Users\Muneeb\Desktop\Final UC\GEO DATA ADMINBDY\ADMINBDY.gdb\DATA\District_Boundary,Shape_Area,-1,-1;PBS_AR_SQ_KM "PBS_AR_SQ_KM" true true false 8 Double 0 0 ,First,#,C:\Users\Muneeb\Desktop\Final UC\GEO DATA ADMINBDY\ADMINBDY.gdb\DATA\District_Boundary,PBS_AR_SQ_KM,-1,-1;F_2010 "F_2010" true true false 50 Text 0 0 ,First,#,C:\Users\Muneeb\Desktop\Final UC\GEO DATA ADMINBDY\ADMINBDY.gdb\DATA\District_Boundary,F_2010,-1,-1;F_2011 "F_2011" true true false 50 Text 0 0 ,First,#,C:\Users\Muneeb\Desktop\Final UC\GEO DATA ADMINBDY\ADMINBDY.gdb\DATA\District_Boundary,F_2011,-1,-1;F_2012 "F_2012" true true false 50 Text 0 0 ,First,#,C:\Users\Muneeb\Desktop\Final UC\GEO DATA ADMINBDY\ADMINBDY.gdb\DATA\District_Boundary,F_2012,-1,-1;F_2013 "F_2013" true true false 50 Text 0 0 ,First,#,C:\Users\Muneeb\Desktop\Final UC\GEO DATA ADMINBDY\ADMINBDY.gdb\DATA\District_Boundary,F_2013,-1,-1;F_2014 "F_2014" true true false 50 Text 0 0 ,First,#,C:\Users\Muneeb\Desktop\Final UC\GEO DATA ADMINBDY\ADMINBDY.gdb\DATA\District_Boundary,F_2014,-1,-1;R_2010 "R_2010" true true false 50 Text 0 0 ,First,#,C:\Users\Muneeb\Desktop\Final UC\GEO DATA ADMINBDY\ADMINBDY.gdb\DATA\District_Boundary,R_2010,-1,-1;R_2011 "R_2011" true true false 50 Text 0 0 ,First,#,C:\Users\Muneeb\Desktop\Final UC\GEO DATA ADMINBDY\ADMINBDY.gdb\DATA\District_Boundary,R_2011,-1,-1;R_2012 "R_2012" true true false 50 Text 0 0 ,First,#,C:\Users\Muneeb\Desktop\Final UC\GEO DATA ADMINBDY\ADMINBDY.gdb\DATA\District_Boundary,R_2012,-1,-1;R_2013 "R_2013" true true false 50 Text 0 0 ,First,#,C:\Users\Muneeb\Desktop\Final UC\GEO DATA ADMINBDY\ADMINBDY.gdb\DATA\District_Boundary,R_2013,-1,-1;R_2014 "R_2014" true true false 50 Text 0 0 ,First,#,C:\Users\Muneeb\Desktop\Final UC\GEO DATA ADMINBDY\ADMINBDY.gdb\DATA\District_Boundary,R_2014,-1,-1;ADMIN_UNIT "ADMIN_UNIT" true true false 254 Text 0 0 ,First,#,C:\Users\Muneeb\Desktop\Final UC\GEO DATA ADMINBDY\ADMINBDY.gdb\DATA\District_Boundary,ADMIN_UNIT,-1,-1" #</Process><Process ToolSource="c:\program files (x86)\arcgis\desktop10.1\ArcToolbox\Toolboxes\Data Management Tools.tbx\CopyFeatures" Date="20150804" Time="130839">CopyFeatures "D:\BACKUP FILES\ALL ALHASAN GEO DATABASE\GEO DATA\Data.gdb\Adminbdy\District_Boundary_2015" "D:\BACKUP FILES\ALL ALHASAN GEO DATABASE\GEO DATA\Shapefile\District_Boundary_2015.shp" # 0 0 0</Process><Process ToolSource="c:\program files (x86)\arcgis\desktop10.1\ArcToolbox\Toolboxes\Data Management Tools.tbx\DeleteField" Date="20170803" Time="195042">DeleteField District_Boundary_2015 Area;Area_42N_U;URDU;PBS_AR_SQ_;F_2010;F_2011;F_2012;F_2013;F_2014;R_2010;R_2011;R_2012;R_2013;R_2014</Process><Process ToolSource="c:\program files (x86)\arcgis\desktop10.1\ArcToolbox\Toolboxes\Conversion Tools.tbx\FeatureClassToFeatureClass" Date="20170803" Time="195516">FeatureClassToFeatureClass "D:\BACKUP FILES\ALL ALHASAN GEO DATABASE\GEO DATA\Shapefile\District_Boundary_2015.shp" "D:\ALHASAN PUBLIC DATABASE\Geodatabase.gdb\Pakistan_Geodatabase_Alhasan_Systems" District_Boundaryy # "OBJECTID "OBJECTID" true true false 9 Long 0 9 ,First,#,D:\BACKUP FILES\ALL ALHASAN GEO DATABASE\GEO DATA\Shapefile\District_Boundary_2015.shp,OBJECTID,-1,-1;PROVINCE "PROVINCE" true true false 30 Text 0 0 ,First,#,D:\BACKUP FILES\ALL ALHASAN GEO DATABASE\GEO DATA\Shapefile\District_Boundary_2015.shp,PROVINCE,-1,-1;DISTRICT "DISTRICT" true true false 30 Text 0 0 ,First,#,D:\BACKUP FILES\ALL ALHASAN GEO DATABASE\GEO DATA\Shapefile\District_Boundary_2015.shp,DISTRICT,-1,-1;Shape_Leng "Shape_Leng" true true false 19 Double 0 0 ,First,#,D:\BACKUP FILES\ALL ALHASAN GEO DATABASE\GEO DATA\Shapefile\District_Boundary_2015.shp,Shape_Leng,-1,-1;ADMIN_UNIT "ADMIN_UNIT" true true false 254 Text 0 0 ,First,#,D:\BACKUP FILES\ALL ALHASAN GEO DATABASE\GEO DATA\Shapefile\District_Boundary_2015.shp,ADMIN_UNIT,-1,-1;Shape_Le_1 "Shape_Le_1" true true false 19 Double 0 0 ,First,#,D:\BACKUP FILES\ALL ALHASAN GEO DATABASE\GEO DATA\Shapefile\District_Boundary_2015.shp,Shape_Le_1,-1,-1;Shape_Area "Shape_Area" true true false 19 Double 0 0 ,First,#,D:\BACKUP FILES\ALL ALHASAN GEO DATABASE\GEO DATA\Shapefile\District_Boundary_2015.shp,Shape_Area,-1,-1" #</Process><Process ToolSource="c:\program files (x86)\arcgis\desktop10.1\ArcToolbox\Toolboxes\Data Management Tools.tbx\CopyFeatures" Date="20170813" Time="135803">CopyFeatures "D:\ALHASAN PUBLIC DATABASE\Pakistan_Geodatabase_Alhasan_Systems.gdb\Pakistan_Geodatabase_Alhasan_Systems\District_Boundary" "D:\ALHASAN PUBLIC DATABASE\Adminbdy Shapefile\District_Boundary.shp" # 0 0 0</Process></lineage><itemProps><itemName Sync="TRUE">District_Boundary</itemName><imsContentType Sync="TRUE">002</imsContentType><itemLocation><linkage Sync="TRUE">file://\\MUNEEB-PC\D$\ALHASAN PUBLIC DATABASE\Adminbdy Shapefile\District_Boundary.shp</linkage><protocol Sync="TRUE">Local Area Network</protocol></itemLocation><itemSize Sync="TRUE">0.000</itemSize></itemProps><coordRef><type Sync="TRUE">Geographic</type><geogcsn Sync="TRUE">GCS_WGS_1984</geogcsn><csUnits Sync="TRUE">Angular Unit: Degree (0.017453)</csUnits><peXml Sync="TRUE">&lt;GeographicCoordinateSystem xsi:type='typens:GeographicCoordinateSystem' xmlns:xsi='http://www.w3.org/2001/XMLSchema-instance' xmlns:xs='http://www.w3.org/2001/XMLSchema' xmlns:typens='http://www.esri.com/schemas/ArcGIS/10.1'&gt;&lt;WKT&gt;GEOGCS[&amp;quot;GCS_WGS_1984&amp;quot;,DATUM[&amp;quot;D_WGS_1984&amp;quot;,SPHEROID[&amp;quot;WGS_1984&amp;quot;,6378137.0,298.257223563]],PRIMEM[&amp;quot;Greenwich&amp;quot;,0.0],UNIT[&amp;quot;Degree&amp;quot;,0.0174532925199433],AUTHORITY[&amp;quot;EPSG&amp;quot;,4326]],VERTCS[&amp;quot;WGS_1984&amp;quot;,DATUM[&amp;quot;D_WGS_1984&amp;quot;,SPHEROID[&amp;quot;WGS_1984&amp;quot;,6378137.0,298.257223563]],PARAMETER[&amp;quot;Vertical_Shift&amp;quot;,0.0],PARAMETER[&amp;quot;Direction&amp;quot;,1.0],UNIT[&amp;quot;Meter&amp;quot;,1.0],AUTHORITY[&amp;quot;ESRI&amp;quot;,115700]]&lt;/WKT&gt;&lt;XOrigin&gt;-400&lt;/XOrigin&gt;&lt;YOrigin&gt;-400&lt;/YOrigin&gt;&lt;XYScale&gt;11258999068426.238&lt;/XYScale&gt;&lt;ZOrigin&gt;-100000&lt;/ZOrigin&gt;&lt;ZScale&gt;10000&lt;/ZScale&gt;&lt;MOrigin&gt;-100000&lt;/MOrigin&gt;&lt;MScale&gt;10000&lt;/MScale&gt;&lt;XYTolerance&gt;8.983152841195215e-009&lt;/XYTolerance&gt;&lt;ZTolerance&gt;0.001&lt;/ZTolerance&gt;&lt;MTolerance&gt;0.001&lt;/MTolerance&gt;&lt;HighPrecision&gt;true&lt;/HighPrecision&gt;&lt;LeftLongitude&gt;-180&lt;/LeftLongitude&gt;&lt;WKID&gt;4326&lt;/WKID&gt;&lt;LatestWKID&gt;4326&lt;/LatestWKID&gt;&lt;VCSWKID&gt;115700&lt;/VCSWKID&gt;&lt;LatestVCSWKID&gt;115700&lt;/LatestVCSWKID&gt;&lt;/GeographicCoordinateSystem&gt;</peXml></coordRef></DataProperties><SyncDate>20170813</SyncDate><SyncTime>13580300</SyncTime><ModDate>20170813</ModDate><ModTime>13580300</ModTime></Esri><dataIdInfo><envirDesc Sync="TRUE">Microsoft Windows 7 Version 6.1 (Build 7601) Service Pack 1; Esri ArcGIS 10.1.0.3035</envirDesc><dataLang><languageCode value="eng" Sync="TRUE"></languageCode><countryCode value="USA" Sync="TRUE"></countryCode></dataLang><idCitation><resTitle Sync="TRUE">District_Boundary</resTitle><presForm><PresFormCd value="005" Sync="TRUE"></PresFormCd></presForm></idCitation><spatRpType><SpatRepTypCd value="001" Sync="TRUE"></SpatRepTypCd></spatRpType></dataIdInfo><mdLang><languageCode value="eng" Sync="TRUE"></languageCode><countryCode value="USA" Sync="TRUE"></countryCode></mdLang><distInfo><distFormat><formatName Sync="TRUE">Shapefile</formatName></distFormat><distTranOps><transSize Sync="TRUE">0.000</transSize></distTranOps></distInfo><mdHrLv><ScopeCd value="005" Sync="TRUE"></ScopeCd></mdHrLv><mdHrLvName Sync="TRUE">dataset</mdHrLvName><refSysInfo><RefSystem><refSysID><identCode code="4326" Sync="TRUE" value="4326"></identCode><idCodeSpace Sync="TRUE">EPSG</idCodeSpace><idVersion Sync="TRUE">7.9.4</idVersion></refSysID></RefSystem></refSysInfo><spatRepInfo><VectSpatRep><geometObjs Name="District_Boundary"><geoObjTyp><GeoObjTypCd value="002" Sync="TRUE"></GeoObjTypCd></geoObjTyp><geoObjCnt Sync="TRUE">0</geoObjCnt></geometObjs><topLvl><TopoLevCd value="001" Sync="TRUE"></TopoLevCd></topLvl></VectSpatRep></spatRepInfo><spdoinfo><ptvctinf><esriterm Name="District_Boundary"><efeatyp Sync="TRUE">Simple</efeatyp><efeageom code="4" Sync="TRUE"></efeageom><esritopo Sync="TRUE">FALSE</esritopo><efeacnt Sync="TRUE">0</efeacnt><spindex Sync="TRUE">FALSE</spindex><linrefer Sync="TRUE">FALSE</linrefer></esriterm></ptvctinf></spdoinfo><eainfo><detailed Name="District_Boundary"><enttyp><enttypl Sync="TRUE">District_Boundary</enttypl><enttypt Sync="TRUE">Feature Class</enttypt><enttypc Sync="TRUE">0</enttypc></enttyp><attr><attrlabl Sync="TRUE">FID</attrlabl><attalias Sync="TRUE">FID</attalias><attrtype Sync="TRUE">OID</attrtype><attwidth Sync="TRUE">4</attwidth><atprecis Sync="TRUE">0</atprecis><attscale Sync="TRUE">0</attscale><attrdef Sync="TRUE">Internal feature number.</attrdef><attrdefs Sync="TRUE">Esri</attrdefs><attrdomv><udom Sync="TRUE">Sequential unique whole numbers that are automatically generated.</udom></attrdomv></attr><attr><attrlabl Sync="TRUE">Shape</attrlabl><attalias Sync="TRUE">Shape</attalias><attrtype Sync="TRUE">Geometry</attrtype><attwidth Sync="TRUE">0</attwidth><atprecis Sync="TRUE">0</atprecis><attscale Sync="TRUE">0</attscale><attrdef Sync="TRUE">Feature geometry.</attrdef><attrdefs Sync="TRUE">Esri</attrdefs><attrdomv><udom Sync="TRUE">Coordinates defining the features.</udom></attrdomv></attr><attr><attrlabl Sync="TRUE">OBJECTID</attrlabl><attalias Sync="TRUE">OBJECTID</attalias><attrtype Sync="TRUE">Integer</attrtype><attwidth Sync="TRUE">9</attwidth><atprecis Sync="TRUE">9</atprecis><attscale Sync="TRUE">0</attscale></attr><attr><attrlabl Sync="TRUE">PROVINCE</attrlabl><attalias Sync="TRUE">PROVINCE</attalias><attrtype Sync="TRUE">String</attrtype><attwidth Sync="TRUE">30</attwidth><atprecis Sync="TRUE">0</atprecis><attscale Sync="TRUE">0</attscale></attr><attr><attrlabl Sync="TRUE">DISTRICT</attrlabl><attalias Sync="TRUE">DISTRICT</attalias><attrtype Sync="TRUE">String</attrtype><attwidth Sync="TRUE">30</attwidth><atprecis Sync="TRUE">0</atprecis><attscale Sync="TRUE">0</attscale></attr><attr><attrlabl Sync="TRUE">Shape_Leng</attrlabl><attalias Sync="TRUE">Shape_Leng</attalias><attrtype Sync="TRUE">Double</attrtype><attwidth Sync="TRUE">19</attwidth><atprecis Sync="TRUE">0</atprecis><attscale Sync="TRUE">0</attscale></attr><attr><attrlabl Sync="TRUE">ADMIN_UNIT</attrlabl><attalias Sync="TRUE">ADMIN_UNIT</attalias><attrtype Sync="TRUE">String</attrtype><attwidth Sync="TRUE">254</attwidth><atprecis Sync="TRUE">0</atprecis><attscale Sync="TRUE">0</attscale></attr><attr><attrlabl Sync="TRUE">Shape_Le_1</attrlabl><attalias Sync="TRUE">Shape_Le_1</attalias><attrtype Sync="TRUE">Double</attrtype><attwidth Sync="TRUE">19</attwidth><atprecis Sync="TRUE">0</atprecis><attscale Sync="TRUE">0</attscale></attr><attr><attrlabl Sync="TRUE">Shape_Le_2</attrlabl><attalias Sync="TRUE">Shape_Le_2</attalias><attrtype Sync="TRUE">Double</attrtype><attwidth Sync="TRUE">19</attwidth><atprecis Sync="TRUE">0</atprecis><attscale Sync="TRUE">0</attscale></attr><attr><attrlabl Sync="TRUE">Shape_Area</attrlabl><attalias Sync="TRUE">Shape_Area</attalias><attrtype Sync="TRUE">Double</attrtype><attwidth Sync="TRUE">19</attwidth><atprecis Sync="TRUE">0</atprecis><attscale Sync="TRUE">0</attscale><attrdef Sync="TRUE">Area of feature in internal units squared.</attrdef><attrdefs Sync="TRUE">Esri</attrdefs><attrdomv><udom Sync="TRUE">Positive real numbers that are automatically generated.</udom></attrdomv></attr></detailed></eainfo><mdDateSt Sync="TRUE">20170813</mdDateSt></metadata>
